mobility_surrogate_key,metro_area,subregion,province,retail_and_recreation,grocery_and_pharmacy,parks,transit_stations,workplaces,residential,date_col
44437,,Ottawa Division,Ontario,-18.0,-4.0,47.0,-59.0,-57.0,16.0,2020-09-01
44438,,Ottawa Division,Ontario,-22.0,-6.0,8.0,-62.0,-57.0,17.0,2020-09-02
44439,,Ottawa Division,Ontario,-13.0,2.0,77.0,-56.0,-56.0,15.0,2020-09-03
44440,,Ottawa Division,Ontario,-22.0,-5.0,61.0,-54.0,-53.0,14.0,2020-09-04
44441,,Ottawa Division,Ontario,-18.0,-5.0,,-40.0,-4.0,1.0,2020-09-05
44442,,Ottawa Division,Ontario,-3.0,9.0,,-39.0,4.0,-2.0,2020-09-06
44443,,Ottawa Division,Ontario,-57.0,-55.0,29.0,-77.0,-84.0,21.0,2020-09-07
44444,,Ottawa Division,Ontario,-17.0,6.0,13.0,-58.0,-58.0,16.0,2020-09-08
44445,,Ottawa Division,Ontario,-24.0,-7.0,2.0,-61.0,-57.0,18.0,2020-09-09
44446,,Ottawa Division,Ontario,-18.0,-1.0,21.0,-58.0,-56.0,17.0,2020-09-10
44447,,Ottawa Division,Ontario,-24.0,-9.0,78.0,-53.0,-52.0,15.0,2020-09-11
44448,,Ottawa Division,Ontario,-15.0,-3.0,175.0,-36.0,0.0,2.0,2020-09-12
44449,,Ottawa Division,Ontario,-17.0,-3.0,37.0,-46.0,-2.0,4.0,2020-09-13
44450,,Ottawa Division,Ontario,-19.0,-6.0,57.0,-59.0,-55.0,16.0,2020-09-14
44451,,Ottawa Division,Ontario,-21.0,-8.0,24.0,-59.0,-53.0,17.0,2020-09-15
44452,,Ottawa Division,Ontario,-22.0,-9.0,58.0,-59.0,-54.0,16.0,2020-09-16
44453,,Ottawa Division,Ontario,-19.0,-4.0,42.0,-58.0,-54.0,17.0,2020-09-17
44454,,Ottawa Division,Ontario,-26.0,-11.0,42.0,-56.0,-50.0,16.0,2020-09-18
44455,,Ottawa Division,Ontario,-18.0,-4.0,113.0,-42.0,-1.0,3.0,2020-09-19
44456,,Ottawa Division,Ontario,-13.0,1.0,131.0,-46.0,3.0,1.0,2020-09-20
44457,,Ottawa Division,Ontario,-22.0,-8.0,51.0,-61.0,-57.0,16.0,2020-09-21
44458,,Ottawa Division,Ontario,-25.0,-8.0,32.0,-60.0,-54.0,17.0,2020-09-22
44459,,Ottawa Division,Ontario,-26.0,-9.0,41.0,-62.0,-53.0,17.0,2020-09-23
44460,,Ottawa Division,Ontario,-25.0,-7.0,9.0,-62.0,-53.0,18.0,2020-09-24
44461,,Ottawa Division,Ontario,-29.0,-10.0,39.0,-58.0,-49.0,16.0,2020-09-25
44462,,Ottawa Division,Ontario,-21.0,-6.0,131.0,-46.0,0.0,3.0,2020-09-26
44463,,Ottawa Division,Ontario,-17.0,-1.0,117.0,-47.0,4.0,1.0,2020-09-27
44464,,Ottawa Division,Ontario,-25.0,-8.0,47.0,-63.0,-55.0,17.0,2020-09-28
44465,,Ottawa Division,Ontario,-28.0,-9.0,-6.0,-64.0,-54.0,18.0,2020-09-29
44466,,Ottawa Division,Ontario,-27.0,-6.0,-14.0,-65.0,-54.0,19.0,2020-09-30
44467,,Ottawa Division,Ontario,-23.0,-2.0,9.0,-61.0,-52.0,18.0,2020-10-01
44468,,Ottawa Division,Ontario,-33.0,-12.0,-8.0,-62.0,-49.0,19.0,2020-10-02
44469,,Ottawa Division,Ontario,-22.0,-3.0,78.0,-47.0,-3.0,5.0,2020-10-03
44470,,Ottawa Division,Ontario,-20.0,0.0,50.0,-53.0,-1.0,4.0,2020-10-04
44471,,Ottawa Division,Ontario,-27.0,-7.0,6.0,-65.0,-56.0,18.0,2020-10-05
44472,,Ottawa Division,Ontario,-28.0,-6.0,-4.0,-64.0,-53.0,18.0,2020-10-06
44473,,Ottawa Division,Ontario,-32.0,-9.0,-26.0,-68.0,-53.0,19.0,2020-10-07
44474,,Ottawa Division,Ontario,-24.0,3.0,5.0,-61.0,-52.0,18.0,2020-10-08
44475,,Ottawa Division,Ontario,-29.0,0.0,19.0,-57.0,-50.0,17.0,2020-10-09
44476,,Ottawa Division,Ontario,-29.0,1.0,89.0,-49.0,-4.0,6.0,2020-10-10
44477,,Ottawa Division,Ontario,-27.0,4.0,96.0,-51.0,0.0,3.0,2020-10-11
44478,,Ottawa Division,Ontario,-70.0,-62.0,42.0,-81.0,-84.0,24.0,2020-10-12
44479,,Ottawa Division,Ontario,-34.0,-7.0,-28.0,-65.0,-55.0,20.0,2020-10-13
44480,,Ottawa Division,Ontario,-31.0,-6.0,23.0,-63.0,-53.0,19.0,2020-10-14
44481,,Ottawa Division,Ontario,-33.0,-9.0,-25.0,-64.0,-54.0,21.0,2020-10-15
44482,,Ottawa Division,Ontario,-35.0,-8.0,-3.0,-61.0,-50.0,20.0,2020-10-16
44483,,Ottawa Division,Ontario,-25.0,-2.0,107.0,-46.0,-7.0,6.0,2020-10-17
44484,,Ottawa Division,Ontario,-25.0,-1.0,55.0,-52.0,-6.0,6.0,2020-10-18
44485,,Ottawa Division,Ontario,-34.0,-12.0,-19.0,-66.0,-57.0,20.0,2020-10-19
44486,,Ottawa Division,Ontario,-31.0,-7.0,0.0,-63.0,-54.0,19.0,2020-10-20
44487,,Ottawa Division,Ontario,-36.0,-13.0,-25.0,-67.0,-54.0,21.0,2020-10-21
44488,,Ottawa Division,Ontario,-30.0,-4.0,0.0,-61.0,-53.0,19.0,2020-10-22
44489,,Ottawa Division,Ontario,-30.0,-8.0,76.0,-56.0,-48.0,17.0,2020-10-23
44490,,Ottawa Division,Ontario,-27.0,-1.0,38.0,-49.0,-8.0,7.0,2020-10-24
44491,,Ottawa Division,Ontario,-23.0,1.0,60.0,-51.0,-4.0,5.0,2020-10-25
44492,,Ottawa Division,Ontario,-35.0,-13.0,-31.0,-66.0,-56.0,20.0,2020-10-26
44493,,Ottawa Division,Ontario,-31.0,-5.0,-15.0,-63.0,-53.0,19.0,2020-10-27
44494,,Ottawa Division,Ontario,-31.0,-6.0,-9.0,-63.0,-52.0,19.0,2020-10-28
44495,,Ottawa Division,Ontario,-28.0,-2.0,-21.0,-63.0,-52.0,19.0,2020-10-29
44496,,Ottawa Division,Ontario,-32.0,-3.0,-2.0,-59.0,-48.0,19.0,2020-10-30
44497,,Ottawa Division,Ontario,-26.0,3.0,51.0,-47.0,-6.0,6.0,2020-10-31
44498,,Ottawa Division,Ontario,-29.0,-3.0,-21.0,-56.0,-9.0,6.0,2020-11-01
44499,,Ottawa Division,Ontario,-35.0,-12.0,-29.0,-67.0,-55.0,19.0,2020-11-02
44500,,Ottawa Division,Ontario,-36.0,-15.0,-36.0,-66.0,-53.0,20.0,2020-11-03
44501,,Ottawa Division,Ontario,-35.0,-12.0,-14.0,-67.0,-52.0,20.0,2020-11-04
44502,,Ottawa Division,Ontario,-29.0,-7.0,10.0,-62.0,-51.0,19.0,2020-11-05
44503,,Ottawa Division,Ontario,-33.0,-11.0,21.0,-59.0,-48.0,19.0,2020-11-06
44504,,Ottawa Division,Ontario,-20.0,-3.0,114.0,-47.0,-2.0,5.0,2020-11-07
44505,,Ottawa Division,Ontario,-15.0,1.0,143.0,-49.0,2.0,3.0,2020-11-08
44506,,Ottawa Division,Ontario,-27.0,-8.0,34.0,-64.0,-53.0,18.0,2020-11-09
44507,,Ottawa Division,Ontario,-25.0,-6.0,20.0,-60.0,-50.0,18.0,2020-11-10
44508,,Ottawa Division,Ontario,-26.0,-9.0,-2.0,-65.0,-56.0,20.0,2020-11-11
44509,,Ottawa Division,Ontario,-26.0,-3.0,-14.0,-62.0,-50.0,19.0,2020-11-12
44510,,Ottawa Division,Ontario,-30.0,-10.0,-12.0,-60.0,-48.0,20.0,2020-11-13
44511,,Ottawa Division,Ontario,-20.0,-1.0,37.0,-48.0,-4.0,6.0,2020-11-14
44512,,Ottawa Division,Ontario,-26.0,-8.0,-30.0,-56.0,-6.0,7.0,2020-11-15
44513,,Ottawa Division,Ontario,-31.0,-12.0,-24.0,-66.0,-54.0,19.0,2020-11-16
44514,,Ottawa Division,Ontario,-31.0,-12.0,-31.0,-65.0,-50.0,20.0,2020-11-17
44515,,Ottawa Division,Ontario,-32.0,-12.0,-30.0,-67.0,-51.0,20.0,2020-11-18
44516,,Ottawa Division,Ontario,-27.0,-6.0,-18.0,-64.0,-50.0,19.0,2020-11-19
44517,,Ottawa Division,Ontario,-29.0,-8.0,9.0,-61.0,-47.0,19.0,2020-11-20
44518,,Ottawa Division,Ontario,-19.0,1.0,24.0,-53.0,-3.0,7.0,2020-11-21
44519,,Ottawa Division,Ontario,-22.0,-1.0,-9.0,-57.0,-4.0,7.0,2020-11-22
44520,,Ottawa Division,Ontario,-33.0,-18.0,-26.0,-66.0,-54.0,20.0,2020-11-23
44521,,Ottawa Division,Ontario,-29.0,-10.0,-33.0,-66.0,-50.0,19.0,2020-11-24
44522,,Ottawa Division,Ontario,-39.0,-22.0,-36.0,-68.0,-52.0,21.0,2020-11-25
44523,,Ottawa Division,Ontario,-25.0,-5.0,-37.0,-65.0,-50.0,20.0,2020-11-26
44524,,Ottawa Division,Ontario,-25.0,-5.0,-21.0,-59.0,-46.0,19.0,2020-11-27
44525,,Ottawa Division,Ontario,-16.0,4.0,7.0,-48.0,-1.0,7.0,2020-11-28
44526,,Ottawa Division,Ontario,-14.0,6.0,40.0,-51.0,1.0,5.0,2020-11-29
44527,,Ottawa Division,Ontario,-28.0,-11.0,-38.0,-67.0,-53.0,19.0,2020-11-30
44528,,Ottawa Division,Ontario,-28.0,-4.0,-39.0,-66.0,-50.0,19.0,2020-12-01
44529,,Ottawa Division,Ontario,-31.0,-8.0,-31.0,-68.0,-50.0,20.0,2020-12-02
44530,,Ottawa Division,Ontario,-26.0,-2.0,-29.0,-64.0,-49.0,19.0,2020-12-03
44531,,Ottawa Division,Ontario,-32.0,-9.0,-28.0,-63.0,-46.0,20.0,2020-12-04
44532,,Ottawa Division,Ontario,-20.0,2.0,-6.0,-53.0,-3.0,7.0,2020-12-05
44533,,Ottawa Division,Ontario,-19.0,3.0,10.0,-57.0,0.0,6.0,2020-12-06
44534,,Ottawa Division,Ontario,-28.0,-7.0,-21.0,-67.0,-53.0,19.0,2020-12-07
44535,,Ottawa Division,Ontario,-29.0,-8.0,-31.0,-67.0,-49.0,19.0,2020-12-08
44536,,Ottawa Division,Ontario,-34.0,-11.0,-28.0,-68.0,-50.0,20.0,2020-12-09
44537,,Ottawa Division,Ontario,-25.0,0.0,-29.0,-64.0,-49.0,19.0,2020-12-10
44538,,Ottawa Division,Ontario,-27.0,-1.0,-14.0,-62.0,-45.0,19.0,2020-12-11
44539,,Ottawa Division,Ontario,-27.0,-3.0,-25.0,-55.0,-6.0,9.0,2020-12-12
44540,,Ottawa Division,Ontario,-20.0,2.0,-9.0,-58.0,-1.0,6.0,2020-12-13
44541,,Ottawa Division,Ontario,-27.0,-4.0,-26.0,-68.0,-53.0,19.0,2020-12-14
44542,,Ottawa Division,Ontario,-28.0,-6.0,-43.0,-67.0,-50.0,19.0,2020-12-15
44543,,Ottawa Division,Ontario,-30.0,-8.0,-45.0,-69.0,-50.0,20.0,2020-12-16
44544,,Ottawa Division,Ontario,-22.0,4.0,-36.0,-65.0,-49.0,19.0,2020-12-17
44545,,Ottawa Division,Ontario,-28.0,-3.0,-24.0,-62.0,-45.0,19.0,2020-12-18
44546,,Ottawa Division,Ontario,-20.0,5.0,-2.0,-50.0,-2.0,7.0,2020-12-19
44547,,Ottawa Division,Ontario,-21.0,2.0,5.0,-55.0,2.0,6.0,2020-12-20
44548,,Ottawa Division,Ontario,-8.0,25.0,-14.0,-65.0,-59.0,18.0,2020-12-21
44549,,Ottawa Division,Ontario,-9.0,30.0,-33.0,-65.0,-57.0,18.0,2020-12-22
44550,,Ottawa Division,Ontario,-9.0,40.0,-31.0,-66.0,-57.0,18.0,2020-12-23
44551,,Ottawa Division,Ontario,-26.0,28.0,-47.0,-70.0,-67.0,20.0,2020-12-24
44552,,Ottawa Division,Ontario,-88.0,-83.0,-49.0,-87.0,-85.0,28.0,2020-12-25
44553,,Ottawa Division,Ontario,-68.0,-50.0,-23.0,-74.0,-37.0,13.0,2020-12-26
44554,,Ottawa Division,Ontario,-53.0,-26.0,15.0,-69.0,-19.0,9.0,2020-12-27
44555,,Ottawa Division,Ontario,-53.0,-23.0,-28.0,-81.0,-78.0,27.0,2020-12-28
44556,,Ottawa Division,Ontario,-47.0,-10.0,-30.0,-77.0,-69.0,25.0,2020-12-29
44557,,Ottawa Division,Ontario,-46.0,-3.0,-26.0,-77.0,-69.0,26.0,2020-12-30
44558,,Ottawa Division,Ontario,-38.0,14.0,-16.0,-76.0,-71.0,25.0,2020-12-31
46981,,Regional Municipality of Durham,Ontario,-4.0,5.0,,-44.0,-44.0,11.0,2020-09-01
46982,,Regional Municipality of Durham,Ontario,-5.0,4.0,,-52.0,-42.0,12.0,2020-09-02
46983,,Regional Municipality of Durham,Ontario,-4.0,6.0,,-48.0,-43.0,10.0,2020-09-03
46984,,Regional Municipality of Durham,Ontario,-8.0,3.0,,-42.0,-43.0,9.0,2020-09-04
46985,,Regional Municipality of Durham,Ontario,-14.0,0.0,,-14.0,-7.0,0.0,2020-09-05
46986,,Regional Municipality of Durham,Ontario,-1.0,1.0,,-13.0,-6.0,-2.0,2020-09-06
46987,,Regional Municipality of Durham,Ontario,-45.0,-44.0,,-63.0,-81.0,20.0,2020-09-07
46988,,Regional Municipality of Durham,Ontario,-2.0,15.0,,-48.0,-45.0,12.0,2020-09-08
46989,,Regional Municipality of Durham,Ontario,-6.0,2.0,,-52.0,-41.0,12.0,2020-09-09
46990,,Regional Municipality of Durham,Ontario,-7.0,7.0,,-50.0,-42.0,12.0,2020-09-10
46991,,Regional Municipality of Durham,Ontario,-11.0,-1.0,56.0,-45.0,-39.0,10.0,2020-09-11
46992,,Regional Municipality of Durham,Ontario,-9.0,3.0,144.0,-14.0,-1.0,2.0,2020-09-12
46993,,Regional Municipality of Durham,Ontario,-7.0,1.0,62.0,-18.0,-5.0,3.0,2020-09-13
46994,,Regional Municipality of Durham,Ontario,-7.0,2.0,67.0,-52.0,-39.0,11.0,2020-09-14
46995,,Regional Municipality of Durham,Ontario,-6.0,2.0,54.0,-51.0,-40.0,12.0,2020-09-15
46996,,Regional Municipality of Durham,Ontario,-8.0,-3.0,58.0,-51.0,-38.0,11.0,2020-09-16
46997,,Regional Municipality of Durham,Ontario,-10.0,1.0,62.0,-49.0,-39.0,11.0,2020-09-17
46998,,Regional Municipality of Durham,Ontario,-12.0,-4.0,38.0,-42.0,-37.0,10.0,2020-09-18
46999,,Regional Municipality of Durham,Ontario,-10.0,1.0,110.0,-16.0,-2.0,3.0,2020-09-19
47000,,Regional Municipality of Durham,Ontario,-5.0,0.0,101.0,-14.0,-3.0,2.0,2020-09-20
47001,,Regional Municipality of Durham,Ontario,-11.0,-2.0,55.0,-52.0,-40.0,12.0,2020-09-21
47002,,Regional Municipality of Durham,Ontario,-11.0,1.0,45.0,-51.0,-40.0,12.0,2020-09-22
47003,,Regional Municipality of Durham,Ontario,-10.0,1.0,49.0,-53.0,-36.0,12.0,2020-09-23
47004,,Regional Municipality of Durham,Ontario,-13.0,1.0,42.0,-52.0,-37.0,12.0,2020-09-24
47005,,Regional Municipality of Durham,Ontario,-15.0,-3.0,44.0,-47.0,-35.0,11.0,2020-09-25
47006,,Regional Municipality of Durham,Ontario,-11.0,2.0,131.0,-22.0,1.0,2.0,2020-09-26
47007,,Regional Municipality of Durham,Ontario,-6.0,-2.0,105.0,-20.0,-1.0,2.0,2020-09-27
47008,,Regional Municipality of Durham,Ontario,-13.0,0.0,52.0,-53.0,-37.0,12.0,2020-09-28
47009,,Regional Municipality of Durham,Ontario,-12.0,3.0,24.0,-51.0,-39.0,12.0,2020-09-29
47010,,Regional Municipality of Durham,Ontario,-13.0,-1.0,-9.0,-53.0,-37.0,13.0,2020-09-30
47011,,Regional Municipality of Durham,Ontario,-12.0,7.0,24.0,-52.0,-36.0,12.0,2020-10-01
47012,,Regional Municipality of Durham,Ontario,-17.0,-1.0,12.0,-50.0,-34.0,12.0,2020-10-02
47013,,Regional Municipality of Durham,Ontario,-13.0,2.0,94.0,-25.0,-2.0,4.0,2020-10-03
47014,,Regional Municipality of Durham,Ontario,-14.0,-2.0,-4.0,-28.0,-7.0,5.0,2020-10-04
47015,,Regional Municipality of Durham,Ontario,-14.0,1.0,36.0,-55.0,-37.0,12.0,2020-10-05
47016,,Regional Municipality of Durham,Ontario,-13.0,4.0,23.0,-54.0,-39.0,12.0,2020-10-06
47017,,Regional Municipality of Durham,Ontario,-14.0,3.0,-5.0,-58.0,-36.0,13.0,2020-10-07
47018,,Regional Municipality of Durham,Ontario,-11.0,13.0,20.0,-54.0,-36.0,12.0,2020-10-08
47019,,Regional Municipality of Durham,Ontario,-13.0,11.0,33.0,-47.0,-35.0,11.0,2020-10-09
47020,,Regional Municipality of Durham,Ontario,-16.0,9.0,94.0,-28.0,-3.0,4.0,2020-10-10
47021,,Regional Municipality of Durham,Ontario,-14.0,5.0,74.0,-31.0,-6.0,3.0,2020-10-11
47022,,Regional Municipality of Durham,Ontario,-58.0,-52.0,61.0,-75.0,-81.0,23.0,2020-10-12
47023,,Regional Municipality of Durham,Ontario,-13.0,5.0,35.0,-53.0,-39.0,12.0,2020-10-13
47024,,Regional Municipality of Durham,Ontario,-13.0,1.0,32.0,-57.0,-35.0,13.0,2020-10-14
47025,,Regional Municipality of Durham,Ontario,-18.0,-2.0,-29.0,-58.0,-37.0,15.0,2020-10-15
47026,,Regional Municipality of Durham,Ontario,-15.0,0.0,17.0,-51.0,-33.0,12.0,2020-10-16
47027,,Regional Municipality of Durham,Ontario,-11.0,4.0,101.0,-26.0,0.0,5.0,2020-10-17
47028,,Regional Municipality of Durham,Ontario,-13.0,-3.0,31.0,-31.0,-6.0,5.0,2020-10-18
47029,,Regional Municipality of Durham,Ontario,-18.0,-4.0,-14.0,-59.0,-37.0,14.0,2020-10-19
47030,,Regional Municipality of Durham,Ontario,-12.0,2.0,16.0,-55.0,-38.0,13.0,2020-10-20
47031,,Regional Municipality of Durham,Ontario,-13.0,0.0,-2.0,-59.0,-35.0,14.0,2020-10-21
47032,,Regional Municipality of Durham,Ontario,-14.0,4.0,5.0,-56.0,-35.0,14.0,2020-10-22
47033,,Regional Municipality of Durham,Ontario,-14.0,-3.0,49.0,-51.0,-32.0,12.0,2020-10-23
47034,,Regional Municipality of Durham,Ontario,-11.0,4.0,53.0,-31.0,-1.0,5.0,2020-10-24
47035,,Regional Municipality of Durham,Ontario,-8.0,-1.0,31.0,-30.0,-4.0,5.0,2020-10-25
47036,,Regional Municipality of Durham,Ontario,-14.0,0.0,-1.0,-59.0,-37.0,13.0,2020-10-26
47037,,Regional Municipality of Durham,Ontario,-16.0,-2.0,-23.0,-58.0,-37.0,14.0,2020-10-27
47038,,Regional Municipality of Durham,Ontario,-9.0,4.0,11.0,-57.0,-33.0,13.0,2020-10-28
47039,,Regional Municipality of Durham,Ontario,-12.0,5.0,-9.0,-55.0,-34.0,13.0,2020-10-29
47040,,Regional Municipality of Durham,Ontario,-12.0,3.0,-11.0,-51.0,-32.0,13.0,2020-10-30
47041,,Regional Municipality of Durham,Ontario,-10.0,11.0,45.0,-27.0,0.0,5.0,2020-10-31
47042,,Regional Municipality of Durham,Ontario,-16.0,-5.0,-31.0,-34.0,-8.0,6.0,2020-11-01
47043,,Regional Municipality of Durham,Ontario,-16.0,-3.0,-19.0,-59.0,-36.0,14.0,2020-11-02
47044,,Regional Municipality of Durham,Ontario,-15.0,-1.0,-15.0,-56.0,-37.0,14.0,2020-11-03
47045,,Regional Municipality of Durham,Ontario,-14.0,-3.0,16.0,-56.0,-33.0,13.0,2020-11-04
47046,,Regional Municipality of Durham,Ontario,-14.0,1.0,18.0,-55.0,-34.0,13.0,2020-11-05
47047,,Regional Municipality of Durham,Ontario,-15.0,-4.0,19.0,-54.0,-31.0,13.0,2020-11-06
47048,,Regional Municipality of Durham,Ontario,-9.0,2.0,114.0,-30.0,0.0,5.0,2020-11-07
47049,,Regional Municipality of Durham,Ontario,-5.0,-1.0,104.0,-31.0,-3.0,4.0,2020-11-08
47050,,Regional Municipality of Durham,Ontario,-13.0,-1.0,35.0,-61.0,-34.0,13.0,2020-11-09
47051,,Regional Municipality of Durham,Ontario,-10.0,0.0,36.0,-57.0,-36.0,12.0,2020-11-10
47052,,Regional Municipality of Durham,Ontario,-8.0,2.0,17.0,-57.0,-36.0,14.0,2020-11-11
47053,,Regional Municipality of Durham,Ontario,-11.0,3.0,10.0,-58.0,-34.0,13.0,2020-11-12
47054,,Regional Municipality of Durham,Ontario,-14.0,-3.0,-14.0,-54.0,-35.0,14.0,2020-11-13
47055,,Regional Municipality of Durham,Ontario,-11.0,6.0,50.0,-30.0,-1.0,6.0,2020-11-14
47056,,Regional Municipality of Durham,Ontario,-18.0,-11.0,-38.0,-40.0,-10.0,7.0,2020-11-15
47057,,Regional Municipality of Durham,Ontario,-15.0,-4.0,-20.0,-62.0,-36.0,14.0,2020-11-16
47058,,Regional Municipality of Durham,Ontario,-15.0,-6.0,-20.0,-59.0,-37.0,14.0,2020-11-17
47059,,Regional Municipality of Durham,Ontario,-12.0,-1.0,-22.0,-61.0,-34.0,14.0,2020-11-18
47060,,Regional Municipality of Durham,Ontario,-12.0,3.0,-5.0,-59.0,-34.0,14.0,2020-11-19
47061,,Regional Municipality of Durham,Ontario,-12.0,1.0,12.0,-53.0,-33.0,14.0,2020-11-20
47062,,Regional Municipality of Durham,Ontario,-8.0,11.0,13.0,-31.0,-1.0,6.0,2020-11-21
47063,,Regional Municipality of Durham,Ontario,-21.0,-12.0,-38.0,-40.0,-9.0,8.0,2020-11-22
47064,,Regional Municipality of Durham,Ontario,-16.0,-2.0,-19.0,-61.0,-36.0,15.0,2020-11-23
47065,,Regional Municipality of Durham,Ontario,-14.0,0.0,-23.0,-60.0,-37.0,15.0,2020-11-24
47066,,Regional Municipality of Durham,Ontario,-14.0,-3.0,-31.0,-61.0,-35.0,15.0,2020-11-25
47067,,Regional Municipality of Durham,Ontario,-10.0,7.0,-15.0,-57.0,-36.0,15.0,2020-11-26
47068,,Regional Municipality of Durham,Ontario,-14.0,1.0,-15.0,-51.0,-35.0,15.0,2020-11-27
47069,,Regional Municipality of Durham,Ontario,-9.0,9.0,41.0,-28.0,-2.0,7.0,2020-11-28
47070,,Regional Municipality of Durham,Ontario,-7.0,2.0,34.0,-34.0,-6.0,6.0,2020-11-29
47071,,Regional Municipality of Durham,Ontario,-16.0,-4.0,-39.0,-63.0,-37.0,16.0,2020-11-30
47072,,Regional Municipality of Durham,Ontario,-18.0,-1.0,-36.0,-63.0,-39.0,16.0,2020-12-01
47073,,Regional Municipality of Durham,Ontario,-13.0,3.0,-20.0,-62.0,-34.0,15.0,2020-12-02
47074,,Regional Municipality of Durham,Ontario,-13.0,6.0,-14.0,-60.0,-35.0,15.0,2020-12-03
47075,,Regional Municipality of Durham,Ontario,-22.0,-5.0,-37.0,-59.0,-34.0,17.0,2020-12-04
47076,,Regional Municipality of Durham,Ontario,-12.0,9.0,6.0,-34.0,-5.0,8.0,2020-12-05
47077,,Regional Municipality of Durham,Ontario,-11.0,2.0,5.0,-40.0,-7.0,7.0,2020-12-06
47078,,Regional Municipality of Durham,Ontario,-14.0,0.0,-19.0,-63.0,-36.0,15.0,2020-12-07
47079,,Regional Municipality of Durham,Ontario,-14.0,2.0,-20.0,-60.0,-36.0,15.0,2020-12-08
47080,,Regional Municipality of Durham,Ontario,-19.0,-5.0,-33.0,-63.0,-36.0,16.0,2020-12-09
47081,,Regional Municipality of Durham,Ontario,-11.0,10.0,-17.0,-60.0,-35.0,15.0,2020-12-10
47082,,Regional Municipality of Durham,Ontario,-14.0,3.0,-9.0,-54.0,-33.0,15.0,2020-12-11
47083,,Regional Municipality of Durham,Ontario,-15.0,7.0,-15.0,-32.0,-5.0,9.0,2020-12-12
47084,,Regional Municipality of Durham,Ontario,-9.0,5.0,-2.0,-35.0,-8.0,7.0,2020-12-13
47085,,Regional Municipality of Durham,Ontario,-10.0,9.0,-19.0,-61.0,-37.0,15.0,2020-12-14
47086,,Regional Municipality of Durham,Ontario,-7.0,9.0,-24.0,-59.0,-37.0,15.0,2020-12-15
47087,,Regional Municipality of Durham,Ontario,-9.0,5.0,-37.0,-61.0,-35.0,16.0,2020-12-16
47088,,Regional Municipality of Durham,Ontario,-6.0,20.0,-20.0,-56.0,-35.0,15.0,2020-12-17
47089,,Regional Municipality of Durham,Ontario,-11.0,11.0,-17.0,-53.0,-34.0,15.0,2020-12-18
47090,,Regional Municipality of Durham,Ontario,-10.0,15.0,7.0,-26.0,-3.0,8.0,2020-12-19
47091,,Regional Municipality of Durham,Ontario,-6.0,9.0,-13.0,-31.0,-6.0,7.0,2020-12-20
47092,,Regional Municipality of Durham,Ontario,7.0,37.0,-4.0,-55.0,-44.0,15.0,2020-12-21
47093,,Regional Municipality of Durham,Ontario,11.0,44.0,-7.0,-53.0,-47.0,15.0,2020-12-22
47094,,Regional Municipality of Durham,Ontario,18.0,60.0,-5.0,-53.0,-46.0,15.0,2020-12-23
47095,,Regional Municipality of Durham,Ontario,-7.0,51.0,-29.0,-62.0,-63.0,20.0,2020-12-24
47096,,Regional Municipality of Durham,Ontario,-88.0,-79.0,-44.0,-88.0,-86.0,29.0,2020-12-25
47097,,Regional Municipality of Durham,Ontario,-63.0,-48.0,-13.0,-67.0,-43.0,14.0,2020-12-26
47098,,Regional Municipality of Durham,Ontario,-46.0,-29.0,-5.0,-60.0,-26.0,11.0,2020-12-27
47099,,Regional Municipality of Durham,Ontario,-39.0,-14.0,-21.0,-78.0,-73.0,27.0,2020-12-28
47100,,Regional Municipality of Durham,Ontario,-31.0,-3.0,-2.0,-73.0,-61.0,23.0,2020-12-29
47101,,Regional Municipality of Durham,Ontario,-30.0,5.0,-40.0,-74.0,-59.0,24.0,2020-12-30
47102,,Regional Municipality of Durham,Ontario,-23.0,26.0,0.0,-73.0,-64.0,23.0,2020-12-31
47342,,Regional Municipality of Halton,Ontario,-12.0,2.0,,-51.0,-49.0,14.0,2020-09-01
47343,,Regional Municipality of Halton,Ontario,-11.0,0.0,,-56.0,-50.0,15.0,2020-09-02
47344,,Regional Municipality of Halton,Ontario,-11.0,3.0,,-52.0,-49.0,13.0,2020-09-03
47345,,Regional Municipality of Halton,Ontario,-13.0,3.0,,-49.0,-49.0,12.0,2020-09-04
47346,,Regional Municipality of Halton,Ontario,-20.0,0.0,,-22.0,-7.0,2.0,2020-09-05
47347,,Regional Municipality of Halton,Ontario,-7.0,2.0,,,-4.0,-1.0,2020-09-06
47348,,Regional Municipality of Halton,Ontario,-51.0,-51.0,,-64.0,-85.0,22.0,2020-09-07
47349,,Regional Municipality of Halton,Ontario,-13.0,12.0,,-55.0,-50.0,15.0,2020-09-08
47350,,Regional Municipality of Halton,Ontario,-13.0,1.0,,-55.0,-49.0,15.0,2020-09-09
47351,,Regional Municipality of Halton,Ontario,-13.0,1.0,,-50.0,-48.0,15.0,2020-09-10
47352,,Regional Municipality of Halton,Ontario,-15.0,-1.0,137.0,-45.0,-45.0,13.0,2020-09-11
47353,,Regional Municipality of Halton,Ontario,-13.0,1.0,254.0,-12.0,0.0,3.0,2020-09-12
47354,,Regional Municipality of Halton,Ontario,-15.0,-4.0,129.0,-22.0,-5.0,3.0,2020-09-13
47355,,Regional Municipality of Halton,Ontario,-15.0,0.0,146.0,-52.0,-45.0,15.0,2020-09-14
47356,,Regional Municipality of Halton,Ontario,-16.0,-1.0,137.0,-53.0,-44.0,15.0,2020-09-15
47357,,Regional Municipality of Halton,Ontario,-14.0,-5.0,141.0,-51.0,-46.0,15.0,2020-09-16
47358,,Regional Municipality of Halton,Ontario,-14.0,-1.0,127.0,-52.0,-45.0,15.0,2020-09-17
47359,,Regional Municipality of Halton,Ontario,-16.0,-2.0,109.0,-48.0,-42.0,13.0,2020-09-18
47360,,Regional Municipality of Halton,Ontario,-15.0,2.0,217.0,-19.0,-1.0,4.0,2020-09-19
47361,,Regional Municipality of Halton,Ontario,-13.0,-1.0,174.0,-17.0,-2.0,3.0,2020-09-20
47362,,Regional Municipality of Halton,Ontario,-19.0,0.0,126.0,-57.0,-46.0,15.0,2020-09-21
47363,,Regional Municipality of Halton,Ontario,-19.0,0.0,136.0,-56.0,-45.0,15.0,2020-09-22
47364,,Regional Municipality of Halton,Ontario,-16.0,-2.0,137.0,-55.0,-45.0,15.0,2020-09-23
47365,,Regional Municipality of Halton,Ontario,-18.0,1.0,114.0,-55.0,-44.0,16.0,2020-09-24
47366,,Regional Municipality of Halton,Ontario,-19.0,1.0,134.0,-48.0,-41.0,13.0,2020-09-25
47367,,Regional Municipality of Halton,Ontario,-16.0,5.0,275.0,-24.0,2.0,3.0,2020-09-26
47368,,Regional Municipality of Halton,Ontario,-15.0,3.0,202.0,-21.0,0.0,2.0,2020-09-27
47369,,Regional Municipality of Halton,Ontario,-21.0,2.0,117.0,-56.0,-44.0,15.0,2020-09-28
47370,,Regional Municipality of Halton,Ontario,-20.0,4.0,98.0,-55.0,-43.0,15.0,2020-09-29
47371,,Regional Municipality of Halton,Ontario,-19.0,0.0,44.0,-56.0,-45.0,17.0,2020-09-30
47372,,Regional Municipality of Halton,Ontario,-18.0,4.0,76.0,-56.0,-42.0,16.0,2020-10-01
47373,,Regional Municipality of Halton,Ontario,-22.0,-1.0,38.0,-55.0,-41.0,16.0,2020-10-02
47374,,Regional Municipality of Halton,Ontario,-17.0,6.0,188.0,-27.0,-1.0,5.0,2020-10-03
47375,,Regional Municipality of Halton,Ontario,-24.0,0.0,-6.0,-32.0,-8.0,6.0,2020-10-04
47376,,Regional Municipality of Halton,Ontario,-21.0,4.0,113.0,-56.0,-43.0,15.0,2020-10-05
47377,,Regional Municipality of Halton,Ontario,-21.0,4.0,116.0,-55.0,-43.0,15.0,2020-10-06
47378,,Regional Municipality of Halton,Ontario,-19.0,4.0,63.0,-57.0,-44.0,17.0,2020-10-07
47379,,Regional Municipality of Halton,Ontario,-18.0,9.0,86.0,-55.0,-42.0,16.0,2020-10-08
47380,,Regional Municipality of Halton,Ontario,-18.0,13.0,123.0,-50.0,-41.0,14.0,2020-10-09
47381,,Regional Municipality of Halton,Ontario,-21.0,12.0,215.0,-29.0,-4.0,5.0,2020-10-10
47382,,Regional Municipality of Halton,Ontario,-22.0,9.0,126.0,-24.0,-6.0,3.0,2020-10-11
47383,,Regional Municipality of Halton,Ontario,-59.0,-54.0,259.0,-78.0,-85.0,25.0,2020-10-12
47384,,Regional Municipality of Halton,Ontario,-21.0,8.0,133.0,-55.0,-43.0,15.0,2020-10-13
47385,,Regional Municipality of Halton,Ontario,-16.0,4.0,107.0,-55.0,-44.0,17.0,2020-10-14
47386,,Regional Municipality of Halton,Ontario,-22.0,-2.0,-1.0,-58.0,-43.0,19.0,2020-10-15
47387,,Regional Municipality of Halton,Ontario,-18.0,3.0,97.0,-51.0,-40.0,16.0,2020-10-16
47388,,Regional Municipality of Halton,Ontario,-13.0,10.0,246.0,-23.0,-2.0,6.0,2020-10-17
47389,,Regional Municipality of Halton,Ontario,-18.0,0.0,82.0,-28.0,-8.0,6.0,2020-10-18
47390,,Regional Municipality of Halton,Ontario,-24.0,-1.0,12.0,-59.0,-43.0,18.0,2020-10-19
47391,,Regional Municipality of Halton,Ontario,-21.0,2.0,86.0,-55.0,-42.0,16.0,2020-10-20
47392,,Regional Municipality of Halton,Ontario,-19.0,0.0,53.0,-56.0,-44.0,18.0,2020-10-21
47393,,Regional Municipality of Halton,Ontario,-19.0,1.0,39.0,-55.0,-42.0,18.0,2020-10-22
47394,,Regional Municipality of Halton,Ontario,-18.0,-1.0,153.0,-50.0,-40.0,15.0,2020-10-23
47395,,Regional Municipality of Halton,Ontario,-14.0,7.0,139.0,-26.0,-2.0,7.0,2020-10-24
47396,,Regional Municipality of Halton,Ontario,-15.0,1.0,65.0,-25.0,-6.0,6.0,2020-10-25
47397,,Regional Municipality of Halton,Ontario,-22.0,2.0,42.0,-55.0,-42.0,17.0,2020-10-26
47398,,Regional Municipality of Halton,Ontario,-22.0,1.0,27.0,-56.0,-42.0,17.0,2020-10-27
47399,,Regional Municipality of Halton,Ontario,-15.0,4.0,74.0,-56.0,-43.0,17.0,2020-10-28
47400,,Regional Municipality of Halton,Ontario,-18.0,4.0,26.0,-56.0,-41.0,17.0,2020-10-29
47401,,Regional Municipality of Halton,Ontario,-18.0,4.0,16.0,-54.0,-40.0,16.0,2020-10-30
47402,,Regional Municipality of Halton,Ontario,-16.0,10.0,120.0,-24.0,-1.0,7.0,2020-10-31
47403,,Regional Municipality of Halton,Ontario,-21.0,-2.0,-13.0,-32.0,-10.0,7.0,2020-11-01
47404,,Regional Municipality of Halton,Ontario,-23.0,-1.0,18.0,-57.0,-42.0,17.0,2020-11-02
47405,,Regional Municipality of Halton,Ontario,-23.0,-4.0,32.0,-57.0,-42.0,17.0,2020-11-03
47406,,Regional Municipality of Halton,Ontario,-18.0,-6.0,91.0,-56.0,-42.0,17.0,2020-11-04
47407,,Regional Municipality of Halton,Ontario,-18.0,-1.0,74.0,-55.0,-40.0,17.0,2020-11-05
47408,,Regional Municipality of Halton,Ontario,-17.0,-2.0,108.0,-52.0,-38.0,16.0,2020-11-06
47409,,Regional Municipality of Halton,Ontario,-12.0,1.0,255.0,-26.0,-1.0,5.0,2020-11-07
47410,,Regional Municipality of Halton,Ontario,-11.0,1.0,209.0,-23.0,-4.0,4.0,2020-11-08
47411,,Regional Municipality of Halton,Ontario,-20.0,0.0,119.0,-56.0,-41.0,16.0,2020-11-09
47412,,Regional Municipality of Halton,Ontario,-18.0,2.0,145.0,-56.0,-41.0,16.0,2020-11-10
47413,,Regional Municipality of Halton,Ontario,-13.0,3.0,77.0,-57.0,-44.0,17.0,2020-11-11
47414,,Regional Municipality of Halton,Ontario,-18.0,3.0,56.0,-55.0,-41.0,17.0,2020-11-12
47415,,Regional Municipality of Halton,Ontario,-17.0,0.0,32.0,-52.0,-40.0,17.0,2020-11-13
47416,,Regional Municipality of Halton,Ontario,-16.0,8.0,117.0,-29.0,-2.0,8.0,2020-11-14
47417,,Regional Municipality of Halton,Ontario,-25.0,-10.0,-41.0,-38.0,-13.0,8.0,2020-11-15
47418,,Regional Municipality of Halton,Ontario,-26.0,-2.0,6.0,-60.0,-43.0,18.0,2020-11-16
47419,,Regional Municipality of Halton,Ontario,-26.0,-3.0,6.0,-59.0,-43.0,18.0,2020-11-17
47420,,Regional Municipality of Halton,Ontario,-22.0,-2.0,7.0,-58.0,-44.0,19.0,2020-11-18
47421,,Regional Municipality of Halton,Ontario,-21.0,2.0,38.0,-57.0,-41.0,18.0,2020-11-19
47422,,Regional Municipality of Halton,Ontario,-19.0,3.0,80.0,-50.0,-40.0,17.0,2020-11-20
47423,,Regional Municipality of Halton,Ontario,-18.0,10.0,62.0,-28.0,-4.0,8.0,2020-11-21
47424,,Regional Municipality of Halton,Ontario,-35.0,-14.0,-43.0,-37.0,-16.0,10.0,2020-11-22
47425,,Regional Municipality of Halton,Ontario,-23.0,2.0,-2.0,-58.0,-44.0,19.0,2020-11-23
47426,,Regional Municipality of Halton,Ontario,-21.0,2.0,3.0,-57.0,-43.0,18.0,2020-11-24
47427,,Regional Municipality of Halton,Ontario,-19.0,0.0,-11.0,-56.0,-44.0,20.0,2020-11-25
47428,,Regional Municipality of Halton,Ontario,-13.0,6.0,19.0,-53.0,-42.0,18.0,2020-11-26
47429,,Regional Municipality of Halton,Ontario,-14.0,6.0,24.0,-49.0,-45.0,18.0,2020-11-27
47430,,Regional Municipality of Halton,Ontario,-12.0,14.0,116.0,-19.0,-5.0,9.0,2020-11-28
47431,,Regional Municipality of Halton,Ontario,-12.0,6.0,97.0,-20.0,-10.0,7.0,2020-11-29
47432,,Regional Municipality of Halton,Ontario,-22.0,0.0,-32.0,-59.0,-45.0,19.0,2020-11-30
47433,,Regional Municipality of Halton,Ontario,-31.0,-8.0,-1.0,-59.0,-46.0,20.0,2020-12-01
47434,,Regional Municipality of Halton,Ontario,-18.0,3.0,8.0,-54.0,-44.0,19.0,2020-12-02
47435,,Regional Municipality of Halton,Ontario,-16.0,6.0,17.0,-54.0,-41.0,19.0,2020-12-03
47436,,Regional Municipality of Halton,Ontario,-20.0,2.0,1.0,-48.0,-40.0,19.0,2020-12-04
47437,,Regional Municipality of Halton,Ontario,-14.0,13.0,70.0,-15.0,-5.0,9.0,2020-12-05
47438,,Regional Municipality of Halton,Ontario,-15.0,6.0,41.0,-11.0,-12.0,8.0,2020-12-06
47439,,Regional Municipality of Halton,Ontario,-20.0,4.0,16.0,-55.0,-43.0,18.0,2020-12-07
47440,,Regional Municipality of Halton,Ontario,-21.0,3.0,25.0,-56.0,-42.0,18.0,2020-12-08
47441,,Regional Municipality of Halton,Ontario,-18.0,2.0,1.0,-54.0,-43.0,19.0,2020-12-09
47442,,Regional Municipality of Halton,Ontario,-15.0,8.0,39.0,-53.0,-42.0,18.0,2020-12-10
47443,,Regional Municipality of Halton,Ontario,-15.0,9.0,60.0,-47.0,-41.0,18.0,2020-12-11
47444,,Regional Municipality of Halton,Ontario,-19.0,8.0,0.0,-21.0,-8.0,11.0,2020-12-12
47445,,Regional Municipality of Halton,Ontario,-12.0,10.0,40.0,-16.0,-11.0,8.0,2020-12-13
47446,,Regional Municipality of Halton,Ontario,-17.0,9.0,15.0,-54.0,-44.0,18.0,2020-12-14
47447,,Regional Municipality of Halton,Ontario,-16.0,12.0,14.0,-53.0,-43.0,18.0,2020-12-15
47448,,Regional Municipality of Halton,Ontario,-15.0,6.0,-9.0,-56.0,-45.0,20.0,2020-12-16
47449,,Regional Municipality of Halton,Ontario,-11.0,13.0,5.0,-51.0,-43.0,19.0,2020-12-17
47450,,Regional Municipality of Halton,Ontario,-12.0,13.0,26.0,-47.0,-41.0,18.0,2020-12-18
47451,,Regional Municipality of Halton,Ontario,-12.0,20.0,49.0,-15.0,-7.0,10.0,2020-12-19
47452,,Regional Municipality of Halton,Ontario,-8.0,16.0,32.0,-8.0,-11.0,8.0,2020-12-20
47453,,Regional Municipality of Halton,Ontario,3.0,40.0,51.0,-50.0,-52.0,18.0,2020-12-21
47454,,Regional Municipality of Halton,Ontario,5.0,46.0,45.0,-50.0,-52.0,18.0,2020-12-22
47455,,Regional Municipality of Halton,Ontario,15.0,63.0,71.0,-47.0,-54.0,18.0,2020-12-23
47456,,Regional Municipality of Halton,Ontario,-14.0,46.0,3.0,-57.0,-68.0,24.0,2020-12-24
47457,,Regional Municipality of Halton,Ontario,-87.0,-79.0,25.0,-85.0,-89.0,32.0,2020-12-25
47458,,Regional Municipality of Halton,Ontario,-69.0,-48.0,52.0,-64.0,-47.0,16.0,2020-12-26
47459,,Regional Municipality of Halton,Ontario,-54.0,-21.0,63.0,-53.0,-29.0,11.0,2020-12-27
47460,,Regional Municipality of Halton,Ontario,-49.0,-8.0,43.0,-77.0,-77.0,29.0,2020-12-28
47461,,Regional Municipality of Halton,Ontario,-42.0,2.0,94.0,-71.0,-66.0,25.0,2020-12-29
47462,,Regional Municipality of Halton,Ontario,-40.0,8.0,-11.0,-72.0,-67.0,27.0,2020-12-30
47463,,Regional Municipality of Halton,Ontario,-35.0,26.0,86.0,-73.0,-70.0,26.0,2020-12-31
48064,,Regional Municipality of Peel,Ontario,-15.0,1.0,85.0,-55.0,-43.0,13.0,2020-09-01
48065,,Regional Municipality of Peel,Ontario,-15.0,-1.0,71.0,-57.0,-44.0,13.0,2020-09-02
48066,,Regional Municipality of Peel,Ontario,-13.0,2.0,88.0,-54.0,-43.0,12.0,2020-09-03
48067,,Regional Municipality of Peel,Ontario,-14.0,-1.0,81.0,-54.0,-44.0,12.0,2020-09-04
48068,,Regional Municipality of Peel,Ontario,-20.0,-6.0,90.0,-53.0,-10.0,1.0,2020-09-05
48069,,Regional Municipality of Peel,Ontario,-10.0,-3.0,140.0,-55.0,-12.0,-2.0,2020-09-06
48070,,Regional Municipality of Peel,Ontario,-43.0,-41.0,78.0,-71.0,-82.0,23.0,2020-09-07
48071,,Regional Municipality of Peel,Ontario,-13.0,9.0,32.0,-55.0,-45.0,13.0,2020-09-08
48072,,Regional Municipality of Peel,Ontario,-17.0,-2.0,45.0,-57.0,-44.0,13.0,2020-09-09
48073,,Regional Municipality of Peel,Ontario,-15.0,2.0,56.0,-56.0,-43.0,13.0,2020-09-10
48074,,Regional Municipality of Peel,Ontario,-17.0,-6.0,70.0,-55.0,-41.0,12.0,2020-09-11
48075,,Regional Municipality of Peel,Ontario,-16.0,-4.0,120.0,-49.0,-2.0,3.0,2020-09-12
48076,,Regional Municipality of Peel,Ontario,-16.0,-7.0,95.0,-55.0,-6.0,3.0,2020-09-13
48077,,Regional Municipality of Peel,Ontario,-18.0,-6.0,65.0,-57.0,-41.0,14.0,2020-09-14
48078,,Regional Municipality of Peel,Ontario,-17.0,-3.0,63.0,-56.0,-39.0,13.0,2020-09-15
48079,,Regional Municipality of Peel,Ontario,-17.0,-4.0,77.0,-57.0,-41.0,13.0,2020-09-16
48080,,Regional Municipality of Peel,Ontario,-16.0,-2.0,66.0,-55.0,-40.0,13.0,2020-09-17
48081,,Regional Municipality of Peel,Ontario,-18.0,-8.0,46.0,-55.0,-39.0,13.0,2020-09-18
48082,,Regional Municipality of Peel,Ontario,-17.0,-5.0,83.0,-52.0,-2.0,4.0,2020-09-19
48083,,Regional Municipality of Peel,Ontario,-16.0,-7.0,99.0,-56.0,-4.0,2.0,2020-09-20
48084,,Regional Municipality of Peel,Ontario,-20.0,-8.0,56.0,-58.0,-42.0,14.0,2020-09-21
48085,,Regional Municipality of Peel,Ontario,-20.0,-4.0,55.0,-57.0,-40.0,13.0,2020-09-22
48086,,Regional Municipality of Peel,Ontario,-20.0,-4.0,68.0,-59.0,-40.0,14.0,2020-09-23
48087,,Regional Municipality of Peel,Ontario,-19.0,-3.0,42.0,-58.0,-40.0,14.0,2020-09-24
48088,,Regional Municipality of Peel,Ontario,-20.0,-8.0,57.0,-57.0,-39.0,13.0,2020-09-25
48089,,Regional Municipality of Peel,Ontario,-18.0,-5.0,106.0,-53.0,1.0,3.0,2020-09-26
48090,,Regional Municipality of Peel,Ontario,-16.0,-7.0,110.0,-57.0,-3.0,2.0,2020-09-27
48091,,Regional Municipality of Peel,Ontario,-23.0,-8.0,43.0,-59.0,-41.0,14.0,2020-09-28
48092,,Regional Municipality of Peel,Ontario,-21.0,-3.0,35.0,-58.0,-39.0,14.0,2020-09-29
48093,,Regional Municipality of Peel,Ontario,-21.0,-5.0,9.0,-59.0,-40.0,14.0,2020-09-30
48094,,Regional Municipality of Peel,Ontario,-18.0,2.0,28.0,-57.0,-38.0,14.0,2020-10-01
48095,,Regional Municipality of Peel,Ontario,-21.0,-8.0,13.0,-57.0,-38.0,14.0,2020-10-02
48096,,Regional Municipality of Peel,Ontario,-19.0,-6.0,59.0,-53.0,-2.0,5.0,2020-10-03
48097,,Regional Municipality of Peel,Ontario,-22.0,-10.0,-14.0,-60.0,-8.0,5.0,2020-10-04
48098,,Regional Municipality of Peel,Ontario,-21.0,-6.0,34.0,-59.0,-41.0,14.0,2020-10-05
48099,,Regional Municipality of Peel,Ontario,-21.0,-2.0,39.0,-58.0,-39.0,14.0,2020-10-06
48100,,Regional Municipality of Peel,Ontario,-22.0,-5.0,14.0,-61.0,-40.0,15.0,2020-10-07
48101,,Regional Municipality of Peel,Ontario,-19.0,2.0,24.0,-57.0,-39.0,14.0,2020-10-08
48102,,Regional Municipality of Peel,Ontario,-18.0,3.0,46.0,-55.0,-39.0,13.0,2020-10-09
48103,,Regional Municipality of Peel,Ontario,-24.0,-1.0,70.0,-53.0,-5.0,5.0,2020-10-10
48104,,Regional Municipality of Peel,Ontario,-22.0,0.0,51.0,-60.0,-11.0,3.0,2020-10-11
48105,,Regional Municipality of Peel,Ontario,-57.0,-47.0,65.0,-74.0,-82.0,27.0,2020-10-12
48106,,Regional Municipality of Peel,Ontario,-24.0,1.0,46.0,-57.0,-40.0,14.0,2020-10-13
48107,,Regional Municipality of Peel,Ontario,-25.0,-5.0,35.0,-59.0,-40.0,15.0,2020-10-14
48108,,Regional Municipality of Peel,Ontario,-27.0,-8.0,-20.0,-60.0,-40.0,16.0,2020-10-15
48109,,Regional Municipality of Peel,Ontario,-24.0,-6.0,28.0,-57.0,-38.0,15.0,2020-10-16
48110,,Regional Municipality of Peel,Ontario,-23.0,-4.0,75.0,-53.0,-2.0,6.0,2020-10-17
48111,,Regional Municipality of Peel,Ontario,-26.0,-9.0,27.0,-59.0,-9.0,6.0,2020-10-18
48112,,Regional Municipality of Peel,Ontario,-28.0,-12.0,-12.0,-61.0,-42.0,16.0,2020-10-19
48113,,Regional Municipality of Peel,Ontario,-25.0,-3.0,15.0,-59.0,-39.0,15.0,2020-10-20
48114,,Regional Municipality of Peel,Ontario,-26.0,-6.0,11.0,-61.0,-40.0,16.0,2020-10-21
48115,,Regional Municipality of Peel,Ontario,-25.0,-3.0,4.0,-58.0,-39.0,16.0,2020-10-22
48116,,Regional Municipality of Peel,Ontario,-26.0,-9.0,60.0,-56.0,-38.0,15.0,2020-10-23
48117,,Regional Municipality of Peel,Ontario,-24.0,-4.0,30.0,-54.0,-3.0,7.0,2020-10-24
48118,,Regional Municipality of Peel,Ontario,-24.0,-8.0,20.0,-58.0,-9.0,5.0,2020-10-25
48119,,Regional Municipality of Peel,Ontario,-27.0,-10.0,2.0,-60.0,-41.0,16.0,2020-10-26
48120,,Regional Municipality of Peel,Ontario,-29.0,-9.0,-16.0,-60.0,-39.0,15.0,2020-10-27
48121,,Regional Municipality of Peel,Ontario,-24.0,-4.0,21.0,-58.0,-39.0,15.0,2020-10-28
48122,,Regional Municipality of Peel,Ontario,-24.0,-3.0,-10.0,-59.0,-39.0,15.0,2020-10-29
48123,,Regional Municipality of Peel,Ontario,-25.0,-7.0,-11.0,-57.0,-38.0,15.0,2020-10-30
48124,,Regional Municipality of Peel,Ontario,-22.0,-2.0,23.0,-52.0,-2.0,6.0,2020-10-31
48125,,Regional Municipality of Peel,Ontario,-27.0,-9.0,-26.0,-59.0,-11.0,6.0,2020-11-01
48126,,Regional Municipality of Peel,Ontario,-28.0,-11.0,-21.0,-60.0,-41.0,16.0,2020-11-02
48127,,Regional Municipality of Peel,Ontario,-27.0,-6.0,-13.0,-60.0,-39.0,16.0,2020-11-03
48128,,Regional Municipality of Peel,Ontario,-26.0,-8.0,31.0,-59.0,-39.0,15.0,2020-11-04
48129,,Regional Municipality of Peel,Ontario,-25.0,-6.0,18.0,-58.0,-38.0,15.0,2020-11-05
48130,,Regional Municipality of Peel,Ontario,-25.0,-9.0,39.0,-57.0,-38.0,15.0,2020-11-06
48131,,Regional Municipality of Peel,Ontario,-20.0,-5.0,86.0,-51.0,-1.0,5.0,2020-11-07
48132,,Regional Municipality of Peel,Ontario,-19.0,-8.0,97.0,-56.0,-6.0,4.0,2020-11-08
48133,,Regional Municipality of Peel,Ontario,-26.0,-11.0,33.0,-60.0,-40.0,15.0,2020-11-09
48134,,Regional Municipality of Peel,Ontario,-24.0,-4.0,46.0,-58.0,-38.0,15.0,2020-11-10
48135,,Regional Municipality of Peel,Ontario,-23.0,-3.0,16.0,-61.0,-41.0,16.0,2020-11-11
48136,,Regional Municipality of Peel,Ontario,-23.0,-1.0,8.0,-60.0,-39.0,16.0,2020-11-12
48137,,Regional Municipality of Peel,Ontario,-23.0,-5.0,-9.0,-60.0,-40.0,17.0,2020-11-13
48138,,Regional Municipality of Peel,Ontario,-23.0,-1.0,22.0,-54.0,-7.0,8.0,2020-11-14
48139,,Regional Municipality of Peel,Ontario,-34.0,-21.0,-40.0,-65.0,-14.0,8.0,2020-11-15
48140,,Regional Municipality of Peel,Ontario,-29.0,-13.0,-20.0,-63.0,-43.0,17.0,2020-11-16
48141,,Regional Municipality of Peel,Ontario,-30.0,-11.0,-25.0,-62.0,-40.0,17.0,2020-11-17
48142,,Regional Municipality of Peel,Ontario,-28.0,-11.0,-22.0,-64.0,-40.0,17.0,2020-11-18
48143,,Regional Municipality of Peel,Ontario,-24.0,-5.0,-8.0,-61.0,-40.0,16.0,2020-11-19
48144,,Regional Municipality of Peel,Ontario,-23.0,-5.0,22.0,-59.0,-39.0,16.0,2020-11-20
48145,,Regional Municipality of Peel,Ontario,-20.0,0.0,0.0,-55.0,-2.0,7.0,2020-11-21
48146,,Regional Municipality of Peel,Ontario,-35.0,-26.0,-39.0,-64.0,-13.0,8.0,2020-11-22
48147,,Regional Municipality of Peel,Ontario,-40.0,-21.0,-29.0,-66.0,-44.0,19.0,2020-11-23
48148,,Regional Municipality of Peel,Ontario,-38.0,-15.0,-28.0,-65.0,-42.0,18.0,2020-11-24
48149,,Regional Municipality of Peel,Ontario,-37.0,-18.0,-32.0,-66.0,-42.0,18.0,2020-11-25
48150,,Regional Municipality of Peel,Ontario,-32.0,-8.0,-13.0,-64.0,-42.0,17.0,2020-11-26
48151,,Regional Municipality of Peel,Ontario,-33.0,-14.0,-12.0,-62.0,-41.0,18.0,2020-11-27
48152,,Regional Municipality of Peel,Ontario,-35.0,-13.0,13.0,-58.0,-8.0,9.0,2020-11-28
48153,,Regional Municipality of Peel,Ontario,-36.0,-17.0,28.0,-63.0,-15.0,7.0,2020-11-29
48154,,Regional Municipality of Peel,Ontario,-36.0,-19.0,-42.0,-66.0,-44.0,18.0,2020-11-30
48155,,Regional Municipality of Peel,Ontario,-43.0,-24.0,-37.0,-65.0,-45.0,20.0,2020-12-01
48156,,Regional Municipality of Peel,Ontario,-34.0,-11.0,-20.0,-64.0,-42.0,18.0,2020-12-02
48157,,Regional Municipality of Peel,Ontario,-33.0,-7.0,-21.0,-63.0,-41.0,18.0,2020-12-03
48158,,Regional Municipality of Peel,Ontario,-36.0,-17.0,-28.0,-63.0,-41.0,19.0,2020-12-04
48159,,Regional Municipality of Peel,Ontario,-35.0,-12.0,-15.0,-58.0,-8.0,10.0,2020-12-05
48160,,Regional Municipality of Peel,Ontario,-38.0,-17.0,-5.0,-64.0,-16.0,8.0,2020-12-06
48161,,Regional Municipality of Peel,Ontario,-36.0,-17.0,-24.0,-65.0,-44.0,18.0,2020-12-07
48162,,Regional Municipality of Peel,Ontario,-35.0,-12.0,-22.0,-64.0,-41.0,17.0,2020-12-08
48163,,Regional Municipality of Peel,Ontario,-37.0,-14.0,-29.0,-65.0,-42.0,18.0,2020-12-09
48164,,Regional Municipality of Peel,Ontario,-34.0,-8.0,-15.0,-64.0,-41.0,17.0,2020-12-10
48165,,Regional Municipality of Peel,Ontario,-34.0,-13.0,-3.0,-63.0,-41.0,18.0,2020-12-11
48166,,Regional Municipality of Peel,Ontario,-39.0,-16.0,-33.0,-61.0,-9.0,11.0,2020-12-12
48167,,Regional Municipality of Peel,Ontario,-37.0,-14.0,-11.0,-64.0,-16.0,8.0,2020-12-13
48168,,Regional Municipality of Peel,Ontario,-36.0,-15.0,-28.0,-66.0,-44.0,18.0,2020-12-14
48169,,Regional Municipality of Peel,Ontario,-34.0,-8.0,-26.0,-64.0,-42.0,17.0,2020-12-15
48170,,Regional Municipality of Peel,Ontario,-36.0,-14.0,-38.0,-67.0,-43.0,19.0,2020-12-16
48171,,Regional Municipality of Peel,Ontario,-32.0,-4.0,-29.0,-63.0,-42.0,18.0,2020-12-17
48172,,Regional Municipality of Peel,Ontario,-32.0,-9.0,-15.0,-62.0,-41.0,18.0,2020-12-18
48173,,Regional Municipality of Peel,Ontario,-36.0,-10.0,-19.0,-56.0,-10.0,10.0,2020-12-19
48174,,Regional Municipality of Peel,Ontario,-35.0,-12.0,-10.0,-61.0,-15.0,7.0,2020-12-20
48175,,Regional Municipality of Peel,Ontario,-25.0,3.0,-9.0,-64.0,-49.0,18.0,2020-12-21
48176,,Regional Municipality of Peel,Ontario,-22.0,16.0,-15.0,-63.0,-48.0,17.0,2020-12-22
48177,,Regional Municipality of Peel,Ontario,-15.0,31.0,0.0,-63.0,-49.0,17.0,2020-12-23
48178,,Regional Municipality of Peel,Ontario,-22.0,35.0,-18.0,-68.0,-64.0,23.0,2020-12-24
48179,,Regional Municipality of Peel,Ontario,-80.0,-73.0,-19.0,-84.0,-88.0,35.0,2020-12-25
48180,,Regional Municipality of Peel,Ontario,-59.0,-44.0,-18.0,-69.0,-44.0,16.0,2020-12-26
48181,,Regional Municipality of Peel,Ontario,-47.0,-28.0,3.0,-66.0,-26.0,10.0,2020-12-27
48182,,Regional Municipality of Peel,Ontario,-40.0,-12.0,-18.0,-74.0,-73.0,28.0,2020-12-28
48183,,Regional Municipality of Peel,Ontario,-34.0,-1.0,-4.0,-68.0,-58.0,23.0,2020-12-29
48184,,Regional Municipality of Peel,Ontario,-32.0,3.0,-33.0,-70.0,-59.0,24.0,2020-12-30
48185,,Regional Municipality of Peel,Ontario,-22.0,26.0,5.0,-70.0,-65.0,24.0,2020-12-31
48425,,Regional Municipality of York,Ontario,-14.0,4.0,,-49.0,-49.0,15.0,2020-09-01
48426,,Regional Municipality of York,Ontario,-11.0,4.0,,-52.0,-50.0,16.0,2020-09-02
48427,,Regional Municipality of York,Ontario,-11.0,7.0,,-49.0,-48.0,15.0,2020-09-03
48428,,Regional Municipality of York,Ontario,-13.0,6.0,,-45.0,-47.0,13.0,2020-09-04
48429,,Regional Municipality of York,Ontario,-20.0,0.0,,-24.0,-11.0,2.0,2020-09-05
48430,,Regional Municipality of York,Ontario,-14.0,-1.0,,-30.0,-9.0,0.0,2020-09-06
48431,,Regional Municipality of York,Ontario,-30.0,-21.0,,-69.0,-83.0,23.0,2020-09-07
48432,,Regional Municipality of York,Ontario,-14.0,9.0,,-52.0,-50.0,16.0,2020-09-08
48433,,Regional Municipality of York,Ontario,-13.0,4.0,,-53.0,-49.0,16.0,2020-09-09
48434,,Regional Municipality of York,Ontario,-13.0,5.0,,-50.0,-48.0,16.0,2020-09-10
48435,,Regional Municipality of York,Ontario,-16.0,2.0,163.0,-46.0,-45.0,15.0,2020-09-11
48436,,Regional Municipality of York,Ontario,-16.0,3.0,281.0,-21.0,-3.0,4.0,2020-09-12
48437,,Regional Municipality of York,Ontario,-18.0,-1.0,194.0,-31.0,-4.0,5.0,2020-09-13
48438,,Regional Municipality of York,Ontario,-13.0,1.0,178.0,-52.0,-45.0,15.0,2020-09-14
48439,,Regional Municipality of York,Ontario,-15.0,3.0,151.0,-51.0,-45.0,16.0,2020-09-15
48440,,Regional Municipality of York,Ontario,-14.0,0.0,175.0,-49.0,-46.0,16.0,2020-09-16
48441,,Regional Municipality of York,Ontario,-16.0,5.0,157.0,-50.0,-45.0,16.0,2020-09-17
48442,,Regional Municipality of York,Ontario,-18.0,1.0,119.0,-48.0,-43.0,15.0,2020-09-18
48443,,Regional Municipality of York,Ontario,-18.0,4.0,230.0,-27.0,-3.0,5.0,2020-09-19
48444,,Regional Municipality of York,Ontario,-18.0,-1.0,242.0,-31.0,-3.0,4.0,2020-09-20
48445,,Regional Municipality of York,Ontario,-16.0,0.0,169.0,-51.0,-46.0,16.0,2020-09-21
48446,,Regional Municipality of York,Ontario,-19.0,3.0,153.0,-51.0,-46.0,16.0,2020-09-22
48447,,Regional Municipality of York,Ontario,-17.0,3.0,159.0,-51.0,-45.0,16.0,2020-09-23
48448,,Regional Municipality of York,Ontario,-19.0,4.0,126.0,-52.0,-44.0,16.0,2020-09-24
48449,,Regional Municipality of York,Ontario,-20.0,2.0,139.0,-49.0,-41.0,15.0,2020-09-25
48450,,Regional Municipality of York,Ontario,-19.0,5.0,268.0,-27.0,0.0,4.0,2020-09-26
48451,,Regional Municipality of York,Ontario,-19.0,1.0,239.0,-34.0,-1.0,3.0,2020-09-27
48452,,Regional Municipality of York,Ontario,-21.0,-1.0,157.0,-54.0,-46.0,16.0,2020-09-28
48453,,Regional Municipality of York,Ontario,-20.0,6.0,107.0,-53.0,-44.0,16.0,2020-09-29
48454,,Regional Municipality of York,Ontario,-19.0,3.0,45.0,-56.0,-45.0,17.0,2020-09-30
48455,,Regional Municipality of York,Ontario,-17.0,11.0,110.0,-53.0,-42.0,16.0,2020-10-01
48456,,Regional Municipality of York,Ontario,-22.0,1.0,83.0,-50.0,-41.0,17.0,2020-10-02
48457,,Regional Municipality of York,Ontario,-21.0,2.0,211.0,-30.0,-3.0,6.0,2020-10-03
48458,,Regional Municipality of York,Ontario,-26.0,-4.0,24.0,-45.0,-9.0,7.0,2020-10-04
48459,,Regional Municipality of York,Ontario,-19.0,0.0,141.0,-53.0,-44.0,16.0,2020-10-05
48460,,Regional Municipality of York,Ontario,-21.0,5.0,115.0,-54.0,-45.0,17.0,2020-10-06
48461,,Regional Municipality of York,Ontario,-20.0,2.0,59.0,-57.0,-45.0,18.0,2020-10-07
48462,,Regional Municipality of York,Ontario,-19.0,9.0,85.0,-54.0,-43.0,17.0,2020-10-08
48463,,Regional Municipality of York,Ontario,-19.0,13.0,122.0,-50.0,-42.0,15.0,2020-10-09
48464,,Regional Municipality of York,Ontario,-23.0,9.0,213.0,-33.0,-5.0,6.0,2020-10-10
48465,,Regional Municipality of York,Ontario,-23.0,6.0,204.0,-40.0,-7.0,4.0,2020-10-11
48466,,Regional Municipality of York,Ontario,-45.0,-35.0,201.0,-73.0,-83.0,26.0,2020-10-12
48467,,Regional Municipality of York,Ontario,-21.0,8.0,140.0,-55.0,-45.0,17.0,2020-10-13
48468,,Regional Municipality of York,Ontario,-18.0,5.0,128.0,-55.0,-44.0,18.0,2020-10-14
48469,,Regional Municipality of York,Ontario,-23.0,-1.0,13.0,-59.0,-44.0,19.0,2020-10-15
48470,,Regional Municipality of York,Ontario,-19.0,4.0,97.0,-52.0,-40.0,17.0,2020-10-16
48471,,Regional Municipality of York,Ontario,-17.0,8.0,253.0,-33.0,-1.0,6.0,2020-10-17
48472,,Regional Municipality of York,Ontario,-20.0,-1.0,104.0,-47.0,-5.0,7.0,2020-10-18
48473,,Regional Municipality of York,Ontario,-27.0,-4.0,47.0,-58.0,-45.0,18.0,2020-10-19
48474,,Regional Municipality of York,Ontario,-26.0,3.0,91.0,-57.0,-45.0,18.0,2020-10-20
48475,,Regional Municipality of York,Ontario,-26.0,0.0,72.0,-59.0,-45.0,19.0,2020-10-21
48476,,Regional Municipality of York,Ontario,-26.0,2.0,59.0,-57.0,-43.0,19.0,2020-10-22
48477,,Regional Municipality of York,Ontario,-27.0,0.0,160.0,-51.0,-41.0,17.0,2020-10-23
48478,,Regional Municipality of York,Ontario,-27.0,5.0,142.0,-38.0,-5.0,8.0,2020-10-24
48479,,Regional Municipality of York,Ontario,-29.0,-1.0,127.0,-45.0,-8.0,7.0,2020-10-25
48480,,Regional Municipality of York,Ontario,-26.0,-2.0,62.0,-58.0,-44.0,18.0,2020-10-26
48481,,Regional Municipality of York,Ontario,-30.0,-2.0,15.0,-58.0,-44.0,19.0,2020-10-27
48482,,Regional Municipality of York,Ontario,-23.0,4.0,92.0,-56.0,-44.0,18.0,2020-10-28
48483,,Regional Municipality of York,Ontario,-25.0,4.0,34.0,-58.0,-43.0,19.0,2020-10-29
48484,,Regional Municipality of York,Ontario,-27.0,3.0,22.0,-55.0,-41.0,18.0,2020-10-30
48485,,Regional Municipality of York,Ontario,-26.0,9.0,138.0,-33.0,-5.0,7.0,2020-10-31
48486,,Regional Municipality of York,Ontario,-32.0,-3.0,-2.0,-52.0,-12.0,9.0,2020-11-01
48487,,Regional Municipality of York,Ontario,-28.0,-6.0,13.0,-60.0,-44.0,19.0,2020-11-02
48488,,Regional Municipality of York,Ontario,-29.0,0.0,31.0,-59.0,-45.0,19.0,2020-11-03
48489,,Regional Municipality of York,Ontario,-25.0,0.0,107.0,-56.0,-44.0,18.0,2020-11-04
48490,,Regional Municipality of York,Ontario,-26.0,1.0,88.0,-57.0,-42.0,18.0,2020-11-05
48491,,Regional Municipality of York,Ontario,-27.0,0.0,114.0,-55.0,-40.0,18.0,2020-11-06
48492,,Regional Municipality of York,Ontario,-20.0,3.0,265.0,-35.0,-2.0,6.0,2020-11-07
48493,,Regional Municipality of York,Ontario,-21.0,0.0,268.0,-41.0,-5.0,5.0,2020-11-08
48494,,Regional Municipality of York,Ontario,-21.0,-2.0,140.0,-56.0,-43.0,17.0,2020-11-09
48495,,Regional Municipality of York,Ontario,-22.0,2.0,143.0,-56.0,-43.0,17.0,2020-11-10
48496,,Regional Municipality of York,Ontario,-17.0,4.0,88.0,-58.0,-45.0,18.0,2020-11-11
48497,,Regional Municipality of York,Ontario,-22.0,4.0,70.0,-58.0,-42.0,18.0,2020-11-12
48498,,Regional Municipality of York,Ontario,-23.0,0.0,38.0,-57.0,-43.0,19.0,2020-11-13
48499,,Regional Municipality of York,Ontario,-22.0,4.0,140.0,-41.0,-3.0,8.0,2020-11-14
48500,,Regional Municipality of York,Ontario,-33.0,-13.0,-20.0,-57.0,-12.0,10.0,2020-11-15
48501,,Regional Municipality of York,Ontario,-25.0,-5.0,18.0,-62.0,-44.0,19.0,2020-11-16
48502,,Regional Municipality of York,Ontario,-28.0,-4.0,13.0,-62.0,-44.0,20.0,2020-11-17
48503,,Regional Municipality of York,Ontario,-26.0,-3.0,10.0,-61.0,-45.0,20.0,2020-11-18
48504,,Regional Municipality of York,Ontario,-23.0,2.0,49.0,-60.0,-42.0,19.0,2020-11-19
48505,,Regional Municipality of York,Ontario,-22.0,2.0,89.0,-56.0,-41.0,18.0,2020-11-20
48506,,Regional Municipality of York,Ontario,-22.0,7.0,66.0,-42.0,-4.0,9.0,2020-11-21
48507,,Regional Municipality of York,Ontario,-39.0,-21.0,2.0,-57.0,-16.0,11.0,2020-11-22
48508,,Regional Municipality of York,Ontario,-24.0,-5.0,21.0,-62.0,-46.0,20.0,2020-11-23
48509,,Regional Municipality of York,Ontario,-24.0,-1.0,7.0,-63.0,-45.0,20.0,2020-11-24
48510,,Regional Municipality of York,Ontario,-22.0,-2.0,1.0,-62.0,-45.0,21.0,2020-11-25
48511,,Regional Municipality of York,Ontario,-19.0,6.0,26.0,-60.0,-43.0,20.0,2020-11-26
48512,,Regional Municipality of York,Ontario,-20.0,3.0,24.0,-58.0,-42.0,19.0,2020-11-27
48513,,Regional Municipality of York,Ontario,-20.0,9.0,116.0,-40.0,-5.0,9.0,2020-11-28
48514,,Regional Municipality of York,Ontario,-22.0,1.0,134.0,-47.0,-11.0,8.0,2020-11-29
48515,,Regional Municipality of York,Ontario,-22.0,-4.0,-12.0,-63.0,-45.0,20.0,2020-11-30
48516,,Regional Municipality of York,Ontario,-34.0,-12.0,1.0,-64.0,-48.0,22.0,2020-12-01
48517,,Regional Municipality of York,Ontario,-20.0,4.0,20.0,-60.0,-45.0,20.0,2020-12-02
48518,,Regional Municipality of York,Ontario,-21.0,7.0,25.0,-60.0,-43.0,20.0,2020-12-03
48519,,Regional Municipality of York,Ontario,-25.0,-2.0,0.0,-60.0,-42.0,21.0,2020-12-04
48520,,Regional Municipality of York,Ontario,-21.0,8.0,50.0,-42.0,-7.0,10.0,2020-12-05
48521,,Regional Municipality of York,Ontario,-23.0,2.0,59.0,-52.0,-13.0,9.0,2020-12-06
48522,,Regional Municipality of York,Ontario,-20.0,-2.0,19.0,-61.0,-45.0,19.0,2020-12-07
48523,,Regional Municipality of York,Ontario,-23.0,2.0,18.0,-61.0,-44.0,20.0,2020-12-08
48524,,Regional Municipality of York,Ontario,-25.0,-5.0,10.0,-60.0,-46.0,21.0,2020-12-09
48525,,Regional Municipality of York,Ontario,-19.0,7.0,19.0,-59.0,-43.0,20.0,2020-12-10
48526,,Regional Municipality of York,Ontario,-19.0,10.0,27.0,-57.0,-41.0,19.0,2020-12-11
48527,,Regional Municipality of York,Ontario,-19.0,10.0,5.0,-42.0,-7.0,11.0,2020-12-12
48528,,Regional Municipality of York,Ontario,-16.0,9.0,39.0,-47.0,-9.0,9.0,2020-12-13
48529,,Regional Municipality of York,Ontario,-36.0,-5.0,17.0,-64.0,-46.0,20.0,2020-12-14
48530,,Regional Municipality of York,Ontario,-36.0,-2.0,8.0,-63.0,-47.0,21.0,2020-12-15
48531,,Regional Municipality of York,Ontario,-36.0,-5.0,-15.0,-65.0,-47.0,22.0,2020-12-16
48532,,Regional Municipality of York,Ontario,-33.0,6.0,9.0,-63.0,-45.0,21.0,2020-12-17
48533,,Regional Municipality of York,Ontario,-35.0,1.0,9.0,-61.0,-44.0,21.0,2020-12-18
48534,,Regional Municipality of York,Ontario,-42.0,-3.0,41.0,-49.0,-15.0,12.0,2020-12-19
48535,,Regional Municipality of York,Ontario,-42.0,-6.0,32.0,-57.0,-19.0,11.0,2020-12-20
48536,,Regional Municipality of York,Ontario,-24.0,14.0,36.0,-64.0,-53.0,20.0,2020-12-21
48537,,Regional Municipality of York,Ontario,-24.0,26.0,25.0,-64.0,-54.0,21.0,2020-12-22
48538,,Regional Municipality of York,Ontario,-15.0,45.0,36.0,-62.0,-55.0,21.0,2020-12-23
48539,,Regional Municipality of York,Ontario,-30.0,36.0,-1.0,-70.0,-68.0,26.0,2020-12-24
48540,,Regional Municipality of York,Ontario,-83.0,-76.0,49.0,-83.0,-89.0,35.0,2020-12-25
48541,,Regional Municipality of York,Ontario,-64.0,-42.0,84.0,-66.0,-48.0,17.0,2020-12-26
48542,,Regional Municipality of York,Ontario,-51.0,-21.0,85.0,-63.0,-27.0,12.0,2020-12-27
48543,,Regional Municipality of York,Ontario,-41.0,-3.0,35.0,-77.0,-76.0,29.0,2020-12-28
48544,,Regional Municipality of York,Ontario,-37.0,6.0,48.0,-71.0,-65.0,26.0,2020-12-29
48545,,Regional Municipality of York,Ontario,-35.0,15.0,0.0,-72.0,-65.0,27.0,2020-12-30
48546,,Regional Municipality of York,Ontario,-32.0,26.0,35.0,-73.0,-69.0,27.0,2020-12-31
50798,,Toronto Division,Ontario,-25.0,-6.0,95.0,-50.0,-52.0,14.0,2020-09-01
50799,,Toronto Division,Ontario,-25.0,-8.0,62.0,-53.0,-52.0,15.0,2020-09-02
50800,,Toronto Division,Ontario,-23.0,-4.0,92.0,-50.0,-50.0,14.0,2020-09-03
50801,,Toronto Division,Ontario,-24.0,-5.0,82.0,-48.0,-50.0,13.0,2020-09-04
50802,,Toronto Division,Ontario,-26.0,-11.0,100.0,-33.0,-12.0,2.0,2020-09-05
50803,,Toronto Division,Ontario,-19.0,-9.0,138.0,-28.0,-12.0,-1.0,2020-09-06
50804,,Toronto Division,Ontario,-53.0,-48.0,67.0,-71.0,-81.0,21.0,2020-09-07
50805,,Toronto Division,Ontario,-25.0,1.0,33.0,-53.0,-52.0,14.0,2020-09-08
50806,,Toronto Division,Ontario,-27.0,-7.0,43.0,-53.0,-51.0,15.0,2020-09-09
50807,,Toronto Division,Ontario,-25.0,-3.0,60.0,-51.0,-49.0,15.0,2020-09-10
50808,,Toronto Division,Ontario,-26.0,-7.0,68.0,-48.0,-48.0,14.0,2020-09-11
50809,,Toronto Division,Ontario,-22.0,-6.0,125.0,-30.0,-6.0,3.0,2020-09-12
50810,,Toronto Division,Ontario,-23.0,-10.0,85.0,-34.0,-10.0,3.0,2020-09-13
50811,,Toronto Division,Ontario,-26.0,-7.0,57.0,-53.0,-48.0,15.0,2020-09-14
50812,,Toronto Division,Ontario,-25.0,-6.0,63.0,-52.0,-48.0,15.0,2020-09-15
50813,,Toronto Division,Ontario,-26.0,-10.0,74.0,-51.0,-49.0,15.0,2020-09-16
50814,,Toronto Division,Ontario,-27.0,-5.0,60.0,-51.0,-48.0,15.0,2020-09-17
50815,,Toronto Division,Ontario,-28.0,-9.0,46.0,-49.0,-47.0,14.0,2020-09-18
50816,,Toronto Division,Ontario,-24.0,-7.0,92.0,-33.0,-7.0,4.0,2020-09-19
50817,,Toronto Division,Ontario,-23.0,-9.0,99.0,-34.0,-9.0,3.0,2020-09-20
50818,,Toronto Division,Ontario,-29.0,-9.0,55.0,-53.0,-49.0,15.0,2020-09-21
50819,,Toronto Division,Ontario,-29.0,-7.0,59.0,-52.0,-49.0,15.0,2020-09-22
50820,,Toronto Division,Ontario,-29.0,-9.0,68.0,-52.0,-48.0,15.0,2020-09-23
50821,,Toronto Division,Ontario,-30.0,-6.0,37.0,-52.0,-47.0,16.0,2020-09-24
50822,,Toronto Division,Ontario,-30.0,-7.0,61.0,-49.0,-46.0,14.0,2020-09-25
50823,,Toronto Division,Ontario,-25.0,-6.0,115.0,-32.0,-4.0,3.0,2020-09-26
50824,,Toronto Division,Ontario,-25.0,-8.0,108.0,-34.0,-7.0,2.0,2020-09-27
50825,,Toronto Division,Ontario,-32.0,-8.0,50.0,-54.0,-48.0,15.0,2020-09-28
50826,,Toronto Division,Ontario,-31.0,-6.0,33.0,-53.0,-48.0,15.0,2020-09-29
50827,,Toronto Division,Ontario,-32.0,-9.0,0.0,-54.0,-48.0,17.0,2020-09-30
50828,,Toronto Division,Ontario,-29.0,-1.0,32.0,-53.0,-45.0,16.0,2020-10-01
50829,,Toronto Division,Ontario,-33.0,-8.0,14.0,-51.0,-45.0,16.0,2020-10-02
50830,,Toronto Division,Ontario,-28.0,-7.0,66.0,-36.0,-7.0,6.0,2020-10-03
50831,,Toronto Division,Ontario,-33.0,-12.0,-12.0,-43.0,-14.0,6.0,2020-10-04
50832,,Toronto Division,Ontario,-32.0,-5.0,36.0,-54.0,-47.0,16.0,2020-10-05
50833,,Toronto Division,Ontario,-33.0,-6.0,39.0,-53.0,-47.0,15.0,2020-10-06
50834,,Toronto Division,Ontario,-34.0,-9.0,12.0,-55.0,-47.0,17.0,2020-10-07
50835,,Toronto Division,Ontario,-33.0,-3.0,14.0,-53.0,-46.0,17.0,2020-10-08
50836,,Toronto Division,Ontario,-31.0,1.0,40.0,-50.0,-45.0,15.0,2020-10-09
50837,,Toronto Division,Ontario,-35.0,-4.0,68.0,-39.0,-9.0,5.0,2020-10-10
50838,,Toronto Division,Ontario,-34.0,-5.0,48.0,-40.0,-12.0,3.0,2020-10-11
50839,,Toronto Division,Ontario,-66.0,-54.0,52.0,-75.0,-82.0,24.0,2020-10-12
50840,,Toronto Division,Ontario,-36.0,-2.0,51.0,-53.0,-49.0,16.0,2020-10-13
50841,,Toronto Division,Ontario,-36.0,-8.0,36.0,-54.0,-47.0,17.0,2020-10-14
50842,,Toronto Division,Ontario,-41.0,-13.0,-30.0,-56.0,-48.0,20.0,2020-10-15
50843,,Toronto Division,Ontario,-36.0,-5.0,32.0,-51.0,-45.0,17.0,2020-10-16
50844,,Toronto Division,Ontario,-31.0,-5.0,91.0,-37.0,-8.0,6.0,2020-10-17
50845,,Toronto Division,Ontario,-35.0,-12.0,39.0,-42.0,-15.0,7.0,2020-10-18
50846,,Toronto Division,Ontario,-40.0,-13.0,-18.0,-57.0,-49.0,18.0,2020-10-19
50847,,Toronto Division,Ontario,-36.0,-7.0,25.0,-54.0,-48.0,17.0,2020-10-20
50848,,Toronto Division,Ontario,-38.0,-12.0,12.0,-55.0,-48.0,19.0,2020-10-21
50849,,Toronto Division,Ontario,-38.0,-7.0,5.0,-54.0,-46.0,19.0,2020-10-22
50850,,Toronto Division,Ontario,-35.0,-8.0,69.0,-50.0,-45.0,16.0,2020-10-23
50851,,Toronto Division,Ontario,-33.0,-5.0,49.0,-38.0,-9.0,7.0,2020-10-24
50852,,Toronto Division,Ontario,-34.0,-11.0,30.0,-41.0,-15.0,6.0,2020-10-25
50853,,Toronto Division,Ontario,-39.0,-11.0,0.0,-56.0,-48.0,17.0,2020-10-26
50854,,Toronto Division,Ontario,-41.0,-14.0,-18.0,-56.0,-48.0,18.0,2020-10-27
50855,,Toronto Division,Ontario,-34.0,-6.0,25.0,-54.0,-46.0,17.0,2020-10-28
50856,,Toronto Division,Ontario,-37.0,-7.0,-8.0,-55.0,-46.0,18.0,2020-10-29
50857,,Toronto Division,Ontario,-37.0,-6.0,-10.0,-53.0,-45.0,17.0,2020-10-30
50858,,Toronto Division,Ontario,-31.0,-2.0,47.0,-36.0,-8.0,6.0,2020-10-31
50859,,Toronto Division,Ontario,-38.0,-12.0,-23.0,-45.0,-17.0,7.0,2020-11-01
50860,,Toronto Division,Ontario,-39.0,-13.0,-23.0,-57.0,-48.0,18.0,2020-11-02
50861,,Toronto Division,Ontario,-39.0,-10.0,-8.0,-55.0,-47.0,17.0,2020-11-03
50862,,Toronto Division,Ontario,-36.0,-11.0,34.0,-54.0,-47.0,18.0,2020-11-04
50863,,Toronto Division,Ontario,-36.0,-8.0,25.0,-54.0,-45.0,18.0,2020-11-05
50864,,Toronto Division,Ontario,-35.0,-8.0,46.0,-51.0,-44.0,17.0,2020-11-06
50865,,Toronto Division,Ontario,-29.0,-6.0,112.0,-33.0,-7.0,6.0,2020-11-07
50866,,Toronto Division,Ontario,-28.0,-8.0,115.0,-36.0,-11.0,4.0,2020-11-08
50867,,Toronto Division,Ontario,-36.0,-10.0,45.0,-55.0,-47.0,17.0,2020-11-09
50868,,Toronto Division,Ontario,-34.0,-7.0,63.0,-53.0,-46.0,16.0,2020-11-10
50869,,Toronto Division,Ontario,-35.0,-9.0,25.0,-56.0,-48.0,18.0,2020-11-11
50870,,Toronto Division,Ontario,-37.0,-6.0,11.0,-55.0,-45.0,18.0,2020-11-12
50871,,Toronto Division,Ontario,-38.0,-8.0,-4.0,-53.0,-45.0,18.0,2020-11-13
50872,,Toronto Division,Ontario,-33.0,-5.0,43.0,-41.0,-10.0,8.0,2020-11-14
50873,,Toronto Division,Ontario,-44.0,-22.0,-40.0,-51.0,-19.0,9.0,2020-11-15
50874,,Toronto Division,Ontario,-40.0,-14.0,-23.0,-59.0,-48.0,18.0,2020-11-16
50875,,Toronto Division,Ontario,-41.0,-13.0,-22.0,-58.0,-48.0,18.0,2020-11-17
50876,,Toronto Division,Ontario,-41.0,-15.0,-23.0,-59.0,-48.0,19.0,2020-11-18
50877,,Toronto Division,Ontario,-37.0,-8.0,3.0,-57.0,-46.0,19.0,2020-11-19
50878,,Toronto Division,Ontario,-34.0,-5.0,33.0,-54.0,-47.0,18.0,2020-11-20
50879,,Toronto Division,Ontario,-30.0,-2.0,11.0,-41.0,-8.0,8.0,2020-11-21
50880,,Toronto Division,Ontario,-42.0,-23.0,-34.0,-49.0,-17.0,9.0,2020-11-22
50881,,Toronto Division,Ontario,-51.0,-21.0,-28.0,-62.0,-50.0,20.0,2020-11-23
50882,,Toronto Division,Ontario,-49.0,-18.0,-25.0,-62.0,-50.0,20.0,2020-11-24
50883,,Toronto Division,Ontario,-49.0,-21.0,-30.0,-62.0,-49.0,21.0,2020-11-25
50884,,Toronto Division,Ontario,-44.0,-10.0,-9.0,-60.0,-48.0,20.0,2020-11-26
50885,,Toronto Division,Ontario,-45.0,-14.0,-8.0,-59.0,-47.0,20.0,2020-11-27
50886,,Toronto Division,Ontario,-43.0,-11.0,34.0,-49.0,-14.0,10.0,2020-11-28
50887,,Toronto Division,Ontario,-43.0,-15.0,42.0,-50.0,-19.0,8.0,2020-11-29
50888,,Toronto Division,Ontario,-48.0,-24.0,-49.0,-63.0,-50.0,20.0,2020-11-30
50889,,Toronto Division,Ontario,-51.0,-20.0,-28.0,-61.0,-51.0,21.0,2020-12-01
50890,,Toronto Division,Ontario,-46.0,-13.0,-16.0,-60.0,-49.0,20.0,2020-12-02
50891,,Toronto Division,Ontario,-45.0,-10.0,-13.0,-59.0,-48.0,20.0,2020-12-03
50892,,Toronto Division,Ontario,-49.0,-18.0,-30.0,-60.0,-48.0,21.0,2020-12-04
50893,,Toronto Division,Ontario,-45.0,-10.0,4.0,-49.0,-15.0,10.0,2020-12-05
50894,,Toronto Division,Ontario,-47.0,-16.0,9.0,-52.0,-21.0,8.0,2020-12-06
50895,,Toronto Division,Ontario,-48.0,-17.0,-23.0,-62.0,-49.0,19.0,2020-12-07
50896,,Toronto Division,Ontario,-47.0,-15.0,-14.0,-61.0,-49.0,19.0,2020-12-08
50897,,Toronto Division,Ontario,-50.0,-21.0,-29.0,-62.0,-50.0,21.0,2020-12-09
50898,,Toronto Division,Ontario,-46.0,-10.0,-13.0,-60.0,-48.0,20.0,2020-12-10
50899,,Toronto Division,Ontario,-45.0,-11.0,4.0,-58.0,-47.0,20.0,2020-12-11
50900,,Toronto Division,Ontario,-50.0,-18.0,-33.0,-55.0,-18.0,12.0,2020-12-12
50901,,Toronto Division,Ontario,-46.0,-14.0,2.0,-52.0,-20.0,8.0,2020-12-13
50902,,Toronto Division,Ontario,-47.0,-14.0,-23.0,-62.0,-50.0,19.0,2020-12-14
50903,,Toronto Division,Ontario,-46.0,-12.0,-22.0,-61.0,-50.0,19.0,2020-12-15
50904,,Toronto Division,Ontario,-49.0,-20.0,-42.0,-64.0,-50.0,21.0,2020-12-16
50905,,Toronto Division,Ontario,-45.0,-8.0,-21.0,-60.0,-49.0,21.0,2020-12-17
50906,,Toronto Division,Ontario,-45.0,-10.0,-12.0,-59.0,-48.0,20.0,2020-12-18
50907,,Toronto Division,Ontario,-46.0,-10.0,-6.0,-51.0,-16.0,11.0,2020-12-19
50908,,Toronto Division,Ontario,-45.0,-14.0,-5.0,-52.0,-20.0,9.0,2020-12-20
50909,,Toronto Division,Ontario,-39.0,-1.0,-4.0,-62.0,-54.0,19.0,2020-12-21
50910,,Toronto Division,Ontario,-37.0,7.0,-6.0,-61.0,-55.0,18.0,2020-12-22
50911,,Toronto Division,Ontario,-32.0,19.0,1.0,-60.0,-55.0,18.0,2020-12-23
50912,,Toronto Division,Ontario,-40.0,16.0,-30.0,-67.0,-67.0,23.0,2020-12-24
50913,,Toronto Division,Ontario,-84.0,-74.0,-2.0,-84.0,-86.0,32.0,2020-12-25
50914,,Toronto Division,Ontario,-68.0,-44.0,-1.0,-67.0,-43.0,15.0,2020-12-26
50915,,Toronto Division,Ontario,-56.0,-29.0,12.0,-60.0,-27.0,10.0,2020-12-27
50916,,Toronto Division,Ontario,-52.0,-16.0,-15.0,-75.0,-74.0,27.0,2020-12-28
50917,,Toronto Division,Ontario,-47.0,-8.0,5.0,-68.0,-64.0,23.0,2020-12-29
50918,,Toronto Division,Ontario,-47.0,-6.0,-33.0,-69.0,-64.0,25.0,2020-12-30
50919,,Toronto Division,Ontario,-41.0,11.0,5.0,-68.0,-67.0,25.0,2020-12-31
